Agent_ID,Agent_Name,Experience_Level
1,Agent_1,Fresher
2,Agent_2,Mid
3,Agent_3,Fresher
4,Agent_4,Senior
5,Agent_5,Mid
6,Agent_6,Mid
7,Agent_7,Mid
8,Agent_8,Senior
9,Agent_9,Fresher
10,Agent_10,Mid
11,Agent_11,Fresher
12,Agent_12,Mid
13,Agent_13,Senior
14,Agent_14,Senior
15,Agent_15,Mid
16,Agent_16,Fresher
17,Agent_17,Senior
18,Agent_18,Senior
19,Agent_19,Mid
20,Agent_20,Senior
21,Agent_21,Senior
22,Agent_22,Fresher
23,Agent_23,Senior
24,Agent_24,Mid
25,Agent_25,Mid
26,Agent_26,Mid
27,Agent_27,Mid
28,Agent_28,Mid
29,Agent_29,Senior
30,Agent_30,Fresher
31,Agent_31,Fresher
32,Agent_32,Mid
33,Agent_33,Fresher
34,Agent_34,Fresher
35,Agent_35,Fresher
36,Agent_36,Fresher
37,Agent_37,Fresher
38,Agent_38,Mid
39,Agent_39,Senior
40,Agent_40,Senior
41,Agent_41,Mid
42,Agent_42,Senior
43,Agent_43,Fresher
44,Agent_44,Fresher
45,Agent_45,Fresher
46,Agent_46,Fresher
47,Agent_47,Mid
48,Agent_48,Senior
49,Agent_49,Mid
50,Agent_50,Mid
51,Agent_51,Fresher
52,Agent_52,Senior
53,Agent_53,Fresher
54,Agent_54,Senior
55,Agent_55,Senior
56,Agent_56,Senior
57,Agent_57,Fresher
58,Agent_58,Fresher
59,Agent_59,Fresher
60,Agent_60,Fresher
61,Agent_61,Fresher
62,Agent_62,Mid
63,Agent_63,Fresher
64,Agent_64,Senior
65,Agent_65,Mid
66,Agent_66,Fresher
67,Agent_67,Senior
68,Agent_68,Mid
69,Agent_69,Mid
70,Agent_70,Senior
71,Agent_71,Fresher
72,Agent_72,Senior
73,Agent_73,Senior
74,Agent_74,Mid
75,Agent_75,Senior
76,Agent_76,Mid
77,Agent_77,Senior
78,Agent_78,Fresher
79,Agent_79,Mid
80,Agent_80,Fresher
81,Agent_81,Mid
82,Agent_82,Fresher
83,Agent_83,Senior
84,Agent_84,Fresher
85,Agent_85,Fresher
86,Agent_86,Senior
87,Agent_87,Mid
88,Agent_88,Mid
89,Agent_89,Senior
90,Agent_90,Mid
91,Agent_91,Senior
92,Agent_92,Senior
93,Agent_93,Senior
94,Agent_94,Senior
95,Agent_95,Senior
96,Agent_96,Fresher
97,Agent_97,Fresher
98,Agent_98,Mid
99,Agent_99,Senior
100,Agent_100,Fresher
101,Agent_101,Fresher
102,Agent_102,Fresher
103,Agent_103,Mid
104,Agent_104,Mid
105,Agent_105,Senior
106,Agent_106,Fresher
107,Agent_107,Senior
108,Agent_108,Mid
109,Agent_109,Mid
110,Agent_110,Senior
111,Agent_111,Mid
112,Agent_112,Mid
113,Agent_113,Mid
114,Agent_114,Mid
115,Agent_115,Senior
116,Agent_116,Senior
117,Agent_117,Fresher
118,Agent_118,Mid
119,Agent_119,Fresher
120,Agent_120,Senior
121,Agent_121,Senior
122,Agent_122,Senior
123,Agent_123,Senior
124,Agent_124,Mid
125,Agent_125,Fresher
126,Agent_126,Mid
127,Agent_127,Fresher
128,Agent_128,Senior
129,Agent_129,Fresher
130,Agent_130,Mid
131,Agent_131,Fresher
132,Agent_132,Mid
133,Agent_133,Mid
134,Agent_134,Mid
135,Agent_135,Fresher
136,Agent_136,Mid
137,Agent_137,Mid
138,Agent_138,Fresher
139,Agent_139,Senior
140,Agent_140,Fresher
141,Agent_141,Fresher
142,Agent_142,Mid
143,Agent_143,Fresher
144,Agent_144,Mid
145,Agent_145,Mid
146,Agent_146,Senior
147,Agent_147,Senior
148,Agent_148,Senior
149,Agent_149,Fresher
150,Agent_150,Fresher
151,Agent_151,Fresher
152,Agent_152,Senior
153,Agent_153,Senior
154,Agent_154,Fresher
155,Agent_155,Mid
156,Agent_156,Mid
157,Agent_157,Mid
158,Agent_158,Mid
159,Agent_159,Fresher
160,Agent_160,Fresher
161,Agent_161,Mid
162,Agent_162,Mid
163,Agent_163,Mid
164,Agent_164,Fresher
165,Agent_165,Senior
166,Agent_166,Fresher
167,Agent_167,Senior
168,Agent_168,Fresher
169,Agent_169,Fresher
170,Agent_170,Mid
171,Agent_171,Senior
172,Agent_172,Fresher
173,Agent_173,Mid
174,Agent_174,Senior
175,Agent_175,Mid
176,Agent_176,Mid
177,Agent_177,Mid
178,Agent_178,Senior
179,Agent_179,Senior
180,Agent_180,Senior
181,Agent_181,Mid
182,Agent_182,Fresher
183,Agent_183,Senior
184,Agent_184,Fresher
185,Agent_185,Fresher
186,Agent_186,Fresher
187,Agent_187,Senior
188,Agent_188,Mid
189,Agent_189,Mid
190,Agent_190,Fresher
191,Agent_191,Senior
192,Agent_192,Mid
193,Agent_193,Fresher
194,Agent_194,Fresher
195,Agent_195,Mid
196,Agent_196,Senior
197,Agent_197,Fresher
198,Agent_198,Mid
199,Agent_199,Senior
200,Agent_200,Mid
201,Agent_201,Mid
202,Agent_202,Mid
203,Agent_203,Senior
204,Agent_204,Senior
205,Agent_205,Fresher
206,Agent_206,Senior
207,Agent_207,Fresher
208,Agent_208,Senior
209,Agent_209,Fresher
210,Agent_210,Mid
211,Agent_211,Senior
212,Agent_212,Fresher
213,Agent_213,Senior
214,Agent_214,Mid
215,Agent_215,Senior
216,Agent_216,Senior
217,Agent_217,Mid
218,Agent_218,Senior
219,Agent_219,Fresher
220,Agent_220,Mid
221,Agent_221,Mid
222,Agent_222,Senior
223,Agent_223,Senior
224,Agent_224,Fresher
225,Agent_225,Fresher
226,Agent_226,Mid
227,Agent_227,Fresher
228,Agent_228,Fresher
229,Agent_229,Mid
230,Agent_230,Senior
231,Agent_231,Fresher
232,Agent_232,Senior
233,Agent_233,Senior
234,Agent_234,Mid
235,Agent_235,Fresher
236,Agent_236,Senior
237,Agent_237,Mid
238,Agent_238,Mid
239,Agent_239,Mid
240,Agent_240,Mid
241,Agent_241,Mid
242,Agent_242,Senior
243,Agent_243,Senior
244,Agent_244,Mid
245,Agent_245,Mid
246,Agent_246,Fresher
247,Agent_247,Fresher
248,Agent_248,Fresher
249,Agent_249,Mid
250,Agent_250,Mid
251,Agent_251,Fresher
252,Agent_252,Mid
253,Agent_253,Mid
254,Agent_254,Mid
255,Agent_255,Senior
256,Agent_256,Fresher
257,Agent_257,Mid
258,Agent_258,Senior
259,Agent_259,Senior
260,Agent_260,Fresher
261,Agent_261,Mid
262,Agent_262,Fresher
263,Agent_263,Fresher
264,Agent_264,Senior
265,Agent_265,Mid
266,Agent_266,Senior
267,Agent_267,Mid
268,Agent_268,Senior
269,Agent_269,Fresher
270,Agent_270,Senior
271,Agent_271,Fresher
272,Agent_272,Senior
273,Agent_273,Mid
274,Agent_274,Fresher
275,Agent_275,Senior
276,Agent_276,Mid
277,Agent_277,Fresher
278,Agent_278,Mid
279,Agent_279,Fresher
280,Agent_280,Senior
281,Agent_281,Senior
282,Agent_282,Fresher
283,Agent_283,Fresher
284,Agent_284,Fresher
285,Agent_285,Mid
286,Agent_286,Mid
287,Agent_287,Mid
288,Agent_288,Mid
289,Agent_289,Fresher
290,Agent_290,Senior
291,Agent_291,Mid
292,Agent_292,Mid
293,Agent_293,Mid
294,Agent_294,Mid
295,Agent_295,Senior
296,Agent_296,Senior
297,Agent_297,Mid
298,Agent_298,Senior
299,Agent_299,Senior
300,Agent_300,Senior
